[
null,
{"id":1,"animation1Hue":0,"animation1Name":"","animation2Hue":0,"animation2Name":"","frames":[[]],"name":"","position":1,"timings":[]},
{"id":2,"animation1Hue":0,"animation1Name":"","animation2Hue":0,"animation2Name":"","frames":[[]],"name":"","position":1,"timings":[]},
{"id":3,"animation1Hue":0,"animation1Name":"","animation2Hue":0,"animation2Name":"","frames":[[]],"name":"","position":1,"timings":[]},
{"id":4,"animation1Hue":0,"animation1Name":"","animation2Hue":0,"animation2Name":"","frames":[[]],"name":"","position":1,"timings":[]},
{"id":5,"animation1Hue":0,"animation1Name":"","animation2Hue":0,"animation2Name":"","frames":[[]],"name":"","position":1,"timings":[]},
{"id":6,"animation1Hue":0,"animation1Name":"Slash","animation2Hue":0,"animation2Name":"","frames":[[[0,24,-42,180,0,0,255,1]],[[1,24,-42,180,0,0,255,1]],[[2,0,-18,180,0,0,255,1]],[[3,0,-18,180,0,0,255,1]],[[4,0,-18,180,0,0,255,1]]],"name":"斩击/物理","position":1,"timings":[{"flashColor":[255,255,255,187],"flashDuration":2,"flashScope":1,"frame":0,"se":{"name":"Slash1","pan":0,"pitch":140,"volume":80}}]},
{"id":7,"animation1Hue":0,"animation1Name":"","animation2Hue":0,"animation2Name":"","frames":[[]],"name":"","position":1,"timings":[]},
{"id":8,"animation1Hue":0,"animation1Name":"","animation2Hue":0,"animation2Name":"","frames":[[]],"name":"","position":1,"timings":[]},
{"id":9,"animation1Hue":0,"animation1Name":"","animation2Hue":0,"animation2Name":"","frames":[[]],"name":"","position":1,"timings":[]},
{"id":10,"animation1Hue":0,"animation1Name":"","animation2Hue":0,"animation2Name":"","frames":[[]],"name":"","position":1,"timings":[]},
{"id":11,"animation1Hue":0,"animation1Name":"","animation2Hue":0,"animation2Name":"","frames":[[]],"name":"","position":1,"timings":[]},
{"id":12,"animation1Hue":0,"animation1Name":"","animation2Hue":0,"animation2Name":"","frames":[[]],"name":"","position":1,"timings":[]},
{"id":13,"animation1Hue":0,"animation1Name":"","animation2Hue":0,"animation2Name":"","frames":[[]],"name":"","position":1,"timings":[]},
{"id":14,"animation1Hue":0,"animation1Name":"","animation2Hue":0,"animation2Name":"","frames":[[]],"name":"","position":1,"timings":[]},
{"id":15,"animation1Hue":0,"animation1Name":"","animation2Hue":0,"animation2Name":"","frames":[[]],"name":"","position":1,"timings":[]},
{"id":16,"animation1Hue":0,"animation1Name":"","animation2Hue":0,"animation2Name":"","frames":[[]],"name":"","position":1,"timings":[]},
{"id":17,"animation1Hue":0,"animation1Name":"","animation2Hue":0,"animation2Name":"","frames":[[]],"name":"","position":1,"timings":[]},
{"id":18,"animation1Hue":0,"animation1Name":"","animation2Hue":0,"animation2Name":"","frames":[[]],"name":"","position":1,"timings":[]},
{"id":19,"animation1Hue":0,"animation1Name":"","animation2Hue":0,"animation2Name":"","frames":[[]],"name":"","position":1,"timings":[]},
{"id":20,"animation1Hue":0,"animation1Name":"","animation2Hue":0,"animation2Name":"","frames":[[]],"name":"","position":1,"timings":[]},
{"id":21,"animation1Hue":0,"animation1Name":"","animation2Hue":0,"animation2Name":"","frames":[[]],"name":"","position":1,"timings":[]},
{"id":22,"animation1Hue":0,"animation1Name":"","animation2Hue":0,"animation2Name":"","frames":[[]],"name":"","position":1,"timings":[]},
{"id":23,"animation1Hue":0,"animation1Name":"","animation2Hue":0,"animation2Name":"","frames":[[]],"name":"","position":1,"timings":[]},
{"id":24,"animation1Hue":0,"animation1Name":"","animation2Hue":0,"animation2Name":"","frames":[[]],"name":"","position":1,"timings":[]},
{"id":25,"animation1Hue":0,"animation1Name":"","animation2Hue":0,"animation2Name":"","frames":[[]],"name":"","position":1,"timings":[]},
{"id":26,"animation1Hue":0,"animation1Name":"","animation2Hue":0,"animation2Name":"","frames":[[]],"name":"","position":1,"timings":[]},
{"id":27,"animation1Hue":0,"animation1Name":"","animation2Hue":0,"animation2Name":"","frames":[[]],"name":"","position":1,"timings":[]},
{"id":28,"animation1Hue":0,"animation1Name":"","animation2Hue":0,"animation2Name":"","frames":[[]],"name":"","position":1,"timings":[]},
{"id":29,"animation1Hue":0,"animation1Name":"","animation2Hue":0,"animation2Name":"","frames":[[]],"name":"","position":1,"timings":[]},
{"id":30,"animation1Hue":0,"animation1Name":"","animation2Hue":0,"animation2Name":"","frames":[[]],"name":"","position":1,"timings":[]},
{"id":31,"animation1Hue":0,"animation1Name":"","animation2Hue":0,"animation2Name":"","frames":[[]],"name":"","position":1,"timings":[]},
{"id":32,"animation1Hue":0,"animation1Name":"","animation2Hue":0,"animation2Name":"","frames":[[]],"name":"","position":1,"timings":[]},
{"id":33,"animation1Hue":0,"animation1Name":"","animation2Hue":0,"animation2Name":"","frames":[[]],"name":"","position":1,"timings":[]},
{"id":34,"animation1Hue":0,"animation1Name":"","animation2Hue":0,"animation2Name":"","frames":[[]],"name":"","position":1,"timings":[]},
{"id":35,"animation1Hue":0,"animation1Name":"","animation2Hue":0,"animation2Name":"","frames":[[]],"name":"","position":1,"timings":[]},
{"id":36,"animation1Hue":0,"animation1Name":"","animation2Hue":0,"animation2Name":"","frames":[[]],"name":"","position":1,"timings":[]},
{"id":37,"animation1Hue":0,"animation1Name":"","animation2Hue":0,"animation2Name":"","frames":[[]],"name":"","position":1,"timings":[]},
{"id":38,"animation1Hue":0,"animation1Name":"","animation2Hue":0,"animation2Name":"","frames":[[]],"name":"","position":1,"timings":[]},
{"id":39,"animation1Hue":0,"animation1Name":"","animation2Hue":0,"animation2Name":"","frames":[[]],"name":"","position":1,"timings":[]},
{"id":40,"animation1Hue":0,"animation1Name":"","animation2Hue":0,"animation2Name":"","frames":[[]],"name":"","position":1,"timings":[]},
{"id":41,"animation1Hue":0,"animation1Name":"","animation2Hue":0,"animation2Name":"","frames":[[]],"name":"","position":1,"timings":[]},
{"id":42,"animation1Hue":0,"animation1Name":"","animation2Hue":0,"animation2Name":"","frames":[[]],"name":"","position":1,"timings":[]},
{"id":43,"animation1Hue":0,"animation1Name":"","animation2Hue":0,"animation2Name":"","frames":[[]],"name":"","position":1,"timings":[]},
{"id":44,"animation1Hue":0,"animation1Name":"","animation2Hue":0,"animation2Name":"","frames":[[]],"name":"","position":1,"timings":[]},
{"id":45,"animation1Hue":0,"animation1Name":"","animation2Hue":0,"animation2Name":"","frames":[[]],"name":"","position":1,"timings":[]},
{"id":46,"animation1Hue":0,"animation1Name":"","animation2Hue":0,"animation2Name":"","frames":[[]],"name":"","position":1,"timings":[]},
{"id":47,"animation1Hue":0,"animation1Name":"","animation2Hue":0,"animation2Name":"","frames":[[]],"name":"","position":1,"timings":[]},
{"id":48,"animation1Hue":0,"animation1Name":"","animation2Hue":0,"animation2Name":"","frames":[[]],"name":"","position":1,"timings":[]},
{"id":49,"animation1Hue":0,"animation1Name":"","animation2Hue":0,"animation2Name":"","frames":[[]],"name":"","position":1,"timings":[]},
{"id":50,"animation1Hue":0,"animation1Name":"","animation2Hue":0,"animation2Name":"","frames":[[]],"name":"","position":1,"timings":[]},
{"id":51,"animation1Hue":149,"animation1Name":"StateDown1","animation2Hue":0,"animation2Name":"","frames":[[[0,0,-53,260,180,0,255,1]],[[1,0,-53,260,180,0,255,1],[-1,0,-135,100,0,0,255,1],[-1,0,-135,100,0,0,255,1],[-1,0,-135,100,0,0,255,1],[-1,0,-135,100,0,0,255,1],[-1,0,-135,100,0,0,255,1],[-1,0,-135,100,0,0,255,1],[-1,0,-135,100,0,0,255,1],[-1,0,-135,100,0,0,255,1],[-1,0,-135,100,0,0,255,1],[-1,0,-135,100,0,0,255,1],[-1,0,-135,100,0,0,255,1],[-1,0,-135,100,0,0,255,1],[-1,0,-135,100,0,0,255,1],[-1,0,-135,100,0,0,255,1],[-1,0,-135,100,0,0,255,1]],[[2,0,-5,260,180,0,255,1],[-1,0,-135,100,0,0,255,1],[-1,0,-135,100,0,0,255,1],[-1,0,-135,100,0,0,255,1],[-1,0,-135,100,0,0,255,1],[-1,0,-135,100,0,0,255,1],[-1,0,-135,100,0,0,255,1],[-1,0,-135,100,0,0,255,1],[-1,0,-135,100,0,0,255,1],[-1,0,-135,100,0,0,255,1],[-1,0,-135,100,0,0,255,1],[-1,0,-135,100,0,0,255,1],[-1,0,-135,100,0,0,255,1],[-1,0,-135,100,0,0,255,1],[-1,0,-135,100,0,0,255,1],[-1,0,-135,100,0,0,255,1]],[[3,0,107,260,180,0,255,1],[-1,0,-135,100,0,0,255,1],[-1,0,-135,100,0,0,255,1],[11,-32,-123,100,180,0,255,1],[-1,0,-135,100,0,0,255,1],[-1,0,-135,100,0,0,255,1],[-1,0,-135,100,0,0,255,1],[-1,0,-135,100,0,0,255,1],[-1,0,-135,100,0,0,255,1],[-1,0,-135,100,0,0,255,1],[-1,0,-135,100,0,0,255,1],[-1,0,-135,100,0,0,255,1],[-1,0,-135,100,0,0,255,1],[-1,0,-135,100,0,0,255,1],[-1,0,-135,100,0,0,255,1],[-1,0,-135,100,0,0,255,1]],[[4,0,-133,260,0,0,255,1],[10,0,-201,200,180,0,127,1],[11,-120,-123,100,180,0,255,1],[11,-32,-179,100,180,0,255,1],[11,50,-183,100,180,0,255,1],[-1,107.5,-205,100,0,0,255,1],[-1,0,-135,100,0,0,255,1],[-1,0,-135,100,0,0,255,1],[-1,0,-135,100,0,0,255,1],[-1,0,-135,100,0,0,255,1],[-1,0,-135,100,0,0,255,1],[-1,0,-135,100,0,0,255,1],[-1,0,-135,100,0,0,255,1],[-1,0,-135,100,0,0,255,1],[-1,0,-135,100,0,0,255,1],[-1,0,-135,100,0,0,255,1]],[[5,0,-133,260,0,0,255,1],[10,0,-217,200,180,0,255,1],[11,-120,-183,100,180,0,255,1],[11,-32,-247,100,180,0,255,1],[11,50,-247,100,180,0,255,1],[-1,112.5,-263,100,0,0,255,1],[-1,0,-135,100,0,0,255,1],[-1,0,-135,100,0,0,255,1],[-1,0,-135,100,0,0,255,1],[-1,0,-135,100,0,0,255,1],[-1,0,-135,100,0,0,255,1],[-1,0,-135,100,0,0,255,1],[-1,0,-135,100,0,0,255,1],[-1,0,-135,100,0,0,255,1],[-1,0,-135,100,0,0,255,1],[-1,0,-135,100,0,0,255,1]],[[6,0,-133,260,0,0,255,1],[10,0,-233,200,180,0,127,1],[11,-120,-247,100,180,0,255,1],[-1,368,-123,100,0,0,255,1],[11,50,-297,100,180,0,255,1],[11,110,-123,100,180,0,255,1],[11,-64,-123,100,180,0,255,1],[-1,0,-135,100,0,0,255,1],[-1,0,-135,100,0,0,255,1],[-1,0,-135,100,0,0,255,1],[-1,0,-135,100,0,0,255,1],[-1,0,-135,100,0,0,255,1],[-1,0,-135,100,0,0,255,1],[-1,0,-135,100,0,0,255,1],[-1,0,-135,100,0,0,255,1],[-1,0,-135,100,0,0,255,1]],[[7,0,-133,260,0,0,255,1],[-1,-408,-216,100,0,0,255,1],[-1,-408,-123,100,0,0,255,1],[-1,-408,-123,100,0,0,255,1],[-1,-408,-123,100,0,0,255,1],[11,110,-135,100,180,0,255,1],[11,-64,-183,100,180,0,255,1],[-1,0,-135,100,0,0,255,1],[-1,0,-135,100,0,0,255,1],[-1,0,-135,100,0,0,255,1],[-1,0,-135,100,0,0,255,1],[-1,0,-135,100,0,0,255,1],[-1,0,-135,100,0,0,255,1],[-1,0,-135,100,0,0,255,1],[-1,0,-135,100,0,0,255,1],[-1,0,-135,100,0,0,255,1]],[[8,0,-133,260,0,0,255,1],[-1,0,-135,100,0,0,255,1],[-1,0,-135,100,0,0,255,1],[-1,0,-135,100,0,0,255,1],[-1,0,-135,100,0,0,255,1],[11,110,-199,100,180,0,255,1],[11,-64,-247,100,180,0,255,1],[-1,0,-135,100,0,0,255,1],[-1,0,-135,100,0,0,255,1],[-1,0,-135,100,0,0,255,1],[-1,0,-135,100,0,0,255,1],[-1,0,-135,100,0,0,255,1],[-1,0,-135,100,0,0,255,1],[-1,0,-135,100,0,0,255,1],[-1,0,-135,100,0,0,255,1],[-1,0,-135,100,0,0,255,1]],[[9,0,-133,260,0,0,255,1]],[[4,0,-133,260,0,0,255,1],[-1,0,-135,100,0,0,255,1],[-1,0,-135,100,0,0,255,1],[-1,0,-135,100,0,0,255,1],[-1,0,-135,100,0,0,255,1],[-1,0,-135,100,0,0,255,1],[-1,0,-135,100,0,0,255,1],[-1,0,-135,100,0,0,255,1],[-1,0,-135,100,0,0,255,1],[-1,0,-135,100,0,0,255,1],[-1,0,-135,100,0,0,255,1],[-1,0,-135,100,0,0,255,1],[-1,0,-135,100,0,0,255,1],[-1,0,-135,100,0,0,255,1],[-1,0,-135,100,0,0,255,1],[-1,0,-135,100,0,0,255,1]],[[4,0,-133,260,0,0,200,1],[-1,0,-135,100,0,0,255,1],[-1,0,-135,100,0,0,255,1],[-1,0,-135,100,0,0,255,1],[-1,0,-135,100,0,0,255,1],[-1,0,-135,100,0,0,255,1],[-1,0,-135,100,0,0,255,1],[-1,0,-135,100,0,0,255,1],[-1,0,-135,100,0,0,255,1],[-1,0,-135,100,0,0,255,1],[-1,0,-135,100,0,0,255,1],[-1,0,-135,100,0,0,255,1],[-1,0,-135,100,0,0,255,1],[-1,0,-135,100,0,0,255,1],[-1,0,-135,100,0,0,255,1],[-1,0,-135,100,0,0,255,1]],[[4,0,-133,260,0,0,127,1],[-1,0,-135,100,0,0,255,1],[-1,0,-135,100,0,0,255,1],[-1,0,-135,100,0,0,255,1],[-1,0,-135,100,0,0,255,1],[-1,0,-135,100,0,0,255,1],[-1,0,-135,100,0,0,255,1],[-1,0,-135,100,0,0,255,1],[-1,0,-135,100,0,0,255,1],[-1,0,-135,100,0,0,255,1],[-1,0,-135,100,0,0,255,1],[-1,0,-135,100,0,0,255,1],[-1,0,-135,100,0,0,255,1],[-1,0,-135,100,0,0,255,1],[-1,0,-135,100,0,0,255,1],[-1,0,-135,100,0,0,255,1]]],"name":"强化 1","position":2,"timings":[{"flashColor":[255,255,255,255],"flashDuration":5,"flashScope":0,"frame":0,"se":{"name":"Up4","pan":0,"pitch":100,"volume":90}},{"flashColor":[255,255,255,255],"flashDuration":5,"flashScope":0,"frame":2,"se":{"name":"Magic1","pan":0,"pitch":100,"volume":90}},{"flashColor":[238,187,204,187],"flashDuration":10,"flashScope":1,"frame":5,"se":null}]},
{"id":52,"animation1Hue":0,"animation1Name":"","animation2Hue":0,"animation2Name":"","frames":[[]],"name":"","position":1,"timings":[]},
{"id":53,"animation1Hue":0,"animation1Name":"","animation2Hue":0,"animation2Name":"","frames":[[]],"name":"","position":1,"timings":[]},
{"id":54,"animation1Hue":0,"animation1Name":"StateDown1","animation2Hue":0,"animation2Name":"","frames":[[[0,0,-64,260,0,0,255,1]],[[1,0,-10,260,0,0,255,1],[-1,0,-160,100,0,0,255,1],[-1,0,-160,100,0,0,255,1],[-1,0,-160,100,0,0,255,1],[-1,0,-160,100,0,0,255,1],[-1,0,-160,100,0,0,255,1],[-1,0,-160,100,0,0,255,1],[-1,0,-160,100,0,0,255,1],[-1,0,-160,100,0,0,255,1],[-1,0,-160,100,0,0,255,1],[-1,0,-160,100,0,0,255,1],[-1,0,-160,100,0,0,255,1],[-1,0,-160,100,0,0,255,1],[-1,0,-160,100,0,0,255,1],[-1,0,-160,100,0,0,255,1],[-1,0,-160,100,0,0,255,1]],[[2,0,-10,260,0,0,255,1],[-1,0,-160,100,0,0,255,1],[-1,0,-160,100,0,0,255,1],[-1,-41.5,-312,100,0,0,255,1],[-1,0,-160,100,0,0,255,1],[-1,0,-160,100,0,0,255,1],[-1,0,-160,100,0,0,255,1],[-1,0,-160,100,0,0,255,1],[-1,0,-160,100,0,0,255,1],[-1,0,-160,100,0,0,255,1],[-1,0,-160,100,0,0,255,1],[-1,0,-160,100,0,0,255,1],[-1,0,-160,100,0,0,255,1],[-1,0,-160,100,0,0,255,1],[-1,0,-160,100,0,0,255,1],[-1,0,-160,100,0,0,255,1]],[[3,0,-130,260,0,0,255,1],[-1,0,-160,100,0,0,255,1],[-1,0,-160,100,0,0,255,1],[11,-32,-272,100,0,0,255,1],[-1,0,-160,100,0,0,255,1],[-1,0,-160,100,0,0,255,1],[-1,0,-160,100,0,0,255,1],[-1,0,-160,100,0,0,255,1],[-1,0,-160,100,0,0,255,1],[-1,0,-160,100,0,0,255,1],[-1,0,-160,100,0,0,255,1],[-1,0,-160,100,0,0,255,1],[-1,0,-160,100,0,0,255,1],[-1,0,-160,100,0,0,255,1],[-1,0,-160,100,0,0,255,1],[-1,0,-160,100,0,0,255,1]],[[4,0,-130,260,0,0,255,1],[10,0,-206,200,0,0,127,1],[11,-120,-280,100,0,0,255,1],[11,-32,-204,100,0,0,255,1],[11,50,-312,100,0,0,255,1],[-1,107.5,-230,100,0,0,255,1],[-1,0,-160,100,0,0,255,1],[-1,0,-160,100,0,0,255,1],[-1,0,-160,100,0,0,255,1],[-1,0,-160,100,0,0,255,1],[-1,0,-160,100,0,0,255,1],[-1,0,-160,100,0,0,255,1],[-1,0,-160,100,0,0,255,1],[-1,0,-160,100,0,0,255,1],[-1,0,-160,100,0,0,255,1],[-1,0,-160,100,0,0,255,1]],[[5,0,-130,260,0,0,255,1],[10,0,-190,200,0,0,255,1],[11,-120,-208,100,0,0,255,1],[11,-32,-144,100,0,0,255,1],[11,50,-272,100,0,0,255,1],[-1,112.5,-288,100,0,0,255,1],[-1,0,-160,100,0,0,255,1],[-1,0,-160,100,0,0,255,1],[-1,0,-160,100,0,0,255,1],[-1,0,-160,100,0,0,255,1],[-1,0,-160,100,0,0,255,1],[-1,0,-160,100,0,0,255,1],[-1,0,-160,100,0,0,255,1],[-1,0,-160,100,0,0,255,1],[-1,0,-160,100,0,0,255,1],[-1,0,-160,100,0,0,255,1]],[[6,0,-130,260,0,0,255,1],[10,0,-176,200,0,0,127,1],[11,-120,-144,100,0,0,255,1],[-1,368,-120,100,0,0,255,1],[11,50,-208,100,0,0,255,1],[11,110,-224,100,0,0,255,1],[11,-64,-272,100,0,0,255,1],[-1,0,-160,100,0,0,255,1],[-1,0,-160,100,0,0,255,1],[-1,0,-160,100,0,0,255,1],[-1,0,-160,100,0,0,255,1],[-1,0,-160,100,0,0,255,1],[-1,0,-160,100,0,0,255,1],[-1,0,-160,100,0,0,255,1],[-1,0,-160,100,0,0,255,1],[-1,0,-160,100,0,0,255,1]],[[7,0,-130,260,0,0,255,1],[-1,-408,-241,100,0,0,255,1],[-1,-408,-95,100,0,0,255,1],[-1,-408,-87,100,0,0,255,1],[-1,-408,-95,100,0,0,255,1],[11,110,-160,100,0,0,255,1],[11,-64,-208,100,0,0,255,1],[-1,0,-160,100,0,0,255,1],[-1,0,-160,100,0,0,255,1],[-1,0,-160,100,0,0,255,1],[-1,0,-160,100,0,0,255,1],[-1,0,-160,100,0,0,255,1],[-1,0,-160,100,0,0,255,1],[-1,0,-160,100,0,0,255,1],[-1,0,-160,100,0,0,255,1],[-1,0,-160,100,0,0,255,1]],[[8,0,-130,260,0,0,255,1],[-1,0,-160,100,0,0,255,1],[-1,0,-160,100,0,0,255,1],[-1,0,-160,100,0,0,255,1],[-1,0,-160,100,0,0,255,1],[11,110,-96,100,0,0,255,1],[11,-64,-144,100,0,0,255,1],[-1,0,-160,100,0,0,255,1],[-1,0,-160,100,0,0,255,1],[-1,0,-160,100,0,0,255,1],[-1,0,-160,100,0,0,255,1],[-1,0,-160,100,0,0,255,1],[-1,0,-160,100,0,0,255,1],[-1,0,-160,100,0,0,255,1],[-1,0,-160,100,0,0,255,1],[-1,0,-160,100,0,0,255,1]],[[9,0,-130,260,0,0,255,1]],[[4,0,-130,260,0,0,255,1],[-1,0,-160,100,0,0,255,1],[-1,0,-160,100,0,0,255,1],[-1,0,-160,100,0,0,255,1],[-1,0,-160,100,0,0,255,1],[-1,0,-160,100,0,0,255,1],[-1,0,-160,100,0,0,255,1],[-1,0,-160,100,0,0,255,1],[-1,0,-160,100,0,0,255,1],[-1,0,-160,100,0,0,255,1],[-1,0,-160,100,0,0,255,1],[-1,0,-160,100,0,0,255,1],[-1,0,-160,100,0,0,255,1],[-1,0,-160,100,0,0,255,1],[-1,0,-160,100,0,0,255,1],[-1,0,-160,100,0,0,255,1]],[[4,0,-130,260,0,0,200,1],[-1,0,-160,100,0,0,255,1],[-1,0,-160,100,0,0,255,1],[-1,0,-160,100,0,0,255,1],[-1,0,-160,100,0,0,255,1],[-1,0,-160,100,0,0,255,1],[-1,0,-160,100,0,0,255,1],[-1,0,-160,100,0,0,255,1],[-1,0,-160,100,0,0,255,1],[-1,0,-160,100,0,0,255,1],[-1,0,-160,100,0,0,255,1],[-1,0,-160,100,0,0,255,1],[-1,0,-160,100,0,0,255,1],[-1,0,-160,100,0,0,255,1],[-1,0,-160,100,0,0,255,1],[-1,0,-160,100,0,0,255,1]],[[4,0,-130,260,0,0,127,1],[-1,0,-160,100,0,0,255,1],[-1,0,-160,100,0,0,255,1],[-1,0,-160,100,0,0,255,1],[-1,0,-160,100,0,0,255,1],[-1,0,-160,100,0,0,255,1],[-1,0,-160,100,0,0,255,1],[-1,0,-160,100,0,0,255,1],[-1,0,-160,100,0,0,255,1],[-1,0,-160,100,0,0,255,1],[-1,0,-160,100,0,0,255,1],[-1,0,-160,100,0,0,255,1],[-1,0,-160,100,0,0,255,1],[-1,0,-160,100,0,0,255,1],[-1,0,-160,100,0,0,255,1],[-1,0,-160,100,0,0,255,1]]],"name":"弱化 1","position":2,"timings":[{"flashColor":[255,255,255,255],"flashDuration":5,"flashScope":0,"frame":0,"se":{"name":"Down2","pan":0,"pitch":100,"volume":90}},{"flashColor":[255,255,255,255],"flashDuration":5,"flashScope":0,"frame":2,"se":{"name":"Magic2","pan":0,"pitch":100,"volume":90}},{"flashColor":[153,204,255,187],"flashDuration":10,"flashScope":1,"frame":5,"se":null}]},
{"id":55,"animation1Hue":0,"animation1Name":"","animation2Hue":0,"animation2Name":"","frames":[[]],"name":"","position":1,"timings":[]},
{"id":56,"animation1Hue":0,"animation1Name":"","animation2Hue":0,"animation2Name":"","frames":[[]],"name":"","position":1,"timings":[]},
{"id":57,"animation1Hue":0,"animation1Name":"","animation2Hue":0,"animation2Name":"","frames":[[]],"name":"","position":1,"timings":[]},
{"id":58,"animation1Hue":0,"animation1Name":"","animation2Hue":0,"animation2Name":"","frames":[[]],"name":"","position":1,"timings":[]},
{"id":59,"animation1Hue":0,"animation1Name":"","animation2Hue":0,"animation2Name":"","frames":[[]],"name":"","position":1,"timings":[]},
{"id":60,"animation1Hue":0,"animation1Name":"","animation2Hue":0,"animation2Name":"","frames":[[]],"name":"","position":1,"timings":[]},
{"id":61,"animation1Hue":0,"animation1Name":"","animation2Hue":0,"animation2Name":"","frames":[[]],"name":"","position":1,"timings":[]},
{"id":62,"animation1Hue":0,"animation1Name":"","animation2Hue":0,"animation2Name":"","frames":[[]],"name":"","position":1,"timings":[]},
{"id":63,"animation1Hue":0,"animation1Name":"","animation2Hue":0,"animation2Name":"","frames":[[]],"name":"","position":1,"timings":[]},
{"id":64,"animation1Hue":0,"animation1Name":"","animation2Hue":0,"animation2Name":"","frames":[[]],"name":"","position":1,"timings":[]},
{"id":65,"animation1Hue":0,"animation1Name":"","animation2Hue":0,"animation2Name":"","frames":[[]],"name":"","position":1,"timings":[]},
{"id":66,"animation1Hue":0,"animation1Name":"","animation2Hue":0,"animation2Name":"","frames":[[]],"name":"","position":1,"timings":[]},
{"id":67,"animation1Hue":0,"animation1Name":"","animation2Hue":0,"animation2Name":"","frames":[[]],"name":"","position":1,"timings":[]},
{"id":68,"animation1Hue":0,"animation1Name":"","animation2Hue":0,"animation2Name":"","frames":[[]],"name":"","position":1,"timings":[]},
{"id":69,"animation1Hue":0,"animation1Name":"","animation2Hue":0,"animation2Name":"","frames":[[]],"name":"","position":1,"timings":[]},
{"id":70,"animation1Hue":0,"animation1Name":"","animation2Hue":0,"animation2Name":"","frames":[[]],"name":"","position":1,"timings":[]},
{"id":71,"animation1Hue":0,"animation1Name":"","animation2Hue":0,"animation2Name":"","frames":[[]],"name":"","position":1,"timings":[]},
{"id":72,"animation1Hue":0,"animation1Name":"","animation2Hue":0,"animation2Name":"","frames":[[]],"name":"","position":1,"timings":[]},
{"id":73,"animation1Hue":0,"animation1Name":"","animation2Hue":0,"animation2Name":"","frames":[[]],"name":"","position":1,"timings":[]},
{"id":74,"animation1Hue":0,"animation1Name":"","animation2Hue":0,"animation2Name":"","frames":[[]],"name":"","position":1,"timings":[]},
{"id":75,"animation1Hue":0,"animation1Name":"","animation2Hue":0,"animation2Name":"","frames":[[]],"name":"","position":1,"timings":[]},
{"id":76,"animation1Hue":0,"animation1Name":"","animation2Hue":0,"animation2Name":"","frames":[[]],"name":"","position":1,"timings":[]},
{"id":77,"animation1Hue":0,"animation1Name":"","animation2Hue":0,"animation2Name":"","frames":[[]],"name":"","position":1,"timings":[]},
{"id":78,"animation1Hue":0,"animation1Name":"","animation2Hue":0,"animation2Name":"","frames":[[]],"name":"","position":1,"timings":[]},
{"id":79,"animation1Hue":0,"animation1Name":"","animation2Hue":0,"animation2Name":"","frames":[[]],"name":"","position":1,"timings":[]},
{"id":80,"animation1Hue":0,"animation1Name":"","animation2Hue":0,"animation2Name":"","frames":[[]],"name":"","position":1,"timings":[]},
{"id":81,"animation1Hue":0,"animation1Name":"","animation2Hue":0,"animation2Name":"","frames":[[]],"name":"","position":1,"timings":[]},
{"id":82,"animation1Hue":0,"animation1Name":"","animation2Hue":0,"animation2Name":"","frames":[[]],"name":"","position":1,"timings":[]},
{"id":83,"animation1Hue":0,"animation1Name":"","animation2Hue":0,"animation2Name":"","frames":[[]],"name":"","position":1,"timings":[]},
{"id":84,"animation1Hue":0,"animation1Name":"","animation2Hue":0,"animation2Name":"","frames":[[]],"name":"","position":1,"timings":[]},
{"id":85,"animation1Hue":0,"animation1Name":"","animation2Hue":0,"animation2Name":"","frames":[[]],"name":"","position":1,"timings":[]},
{"id":86,"animation1Hue":0,"animation1Name":"","animation2Hue":0,"animation2Name":"","frames":[[]],"name":"","position":1,"timings":[]},
{"id":87,"animation1Hue":0,"animation1Name":"","animation2Hue":0,"animation2Name":"","frames":[[]],"name":"","position":1,"timings":[]},
{"id":88,"animation1Hue":0,"animation1Name":"","animation2Hue":0,"animation2Name":"","frames":[[]],"name":"","position":1,"timings":[]},
{"id":89,"animation1Hue":0,"animation1Name":"","animation2Hue":0,"animation2Name":"","frames":[[]],"name":"","position":1,"timings":[]},
{"id":90,"animation1Hue":0,"animation1Name":"","animation2Hue":0,"animation2Name":"","frames":[[]],"name":"","position":1,"timings":[]},
{"id":91,"animation1Hue":0,"animation1Name":"","animation2Hue":0,"animation2Name":"","frames":[[]],"name":"","position":1,"timings":[]},
{"id":92,"animation1Hue":0,"animation1Name":"","animation2Hue":0,"animation2Name":"","frames":[[]],"name":"","position":1,"timings":[]},
{"id":93,"animation1Hue":0,"animation1Name":"","animation2Hue":0,"animation2Name":"","frames":[[]],"name":"","position":1,"timings":[]},
{"id":94,"animation1Hue":0,"animation1Name":"","animation2Hue":0,"animation2Name":"","frames":[[]],"name":"","position":1,"timings":[]},
{"id":95,"animation1Hue":0,"animation1Name":"","animation2Hue":0,"animation2Name":"","frames":[[]],"name":"","position":1,"timings":[]},
{"id":96,"animation1Hue":0,"animation1Name":"","animation2Hue":0,"animation2Name":"","frames":[[]],"name":"","position":1,"timings":[]},
{"id":97,"animation1Hue":0,"animation1Name":"","animation2Hue":0,"animation2Name":"","frames":[[]],"name":"","position":1,"timings":[]},
{"id":98,"animation1Hue":0,"animation1Name":"","animation2Hue":0,"animation2Name":"","frames":[[]],"name":"","position":1,"timings":[]},
{"id":99,"animation1Hue":0,"animation1Name":"","animation2Hue":0,"animation2Name":"","frames":[[]],"name":"","position":1,"timings":[]},
{"id":100,"animation1Hue":0,"animation1Name":"","animation2Hue":0,"animation2Name":"","frames":[[]],"name":"","position":1,"timings":[]},
{"id":101,"animation1Hue":0,"animation1Name":"","animation2Hue":0,"animation2Name":"","frames":[[]],"name":"","position":1,"timings":[]},
{"id":102,"animation1Hue":0,"animation1Name":"","animation2Hue":0,"animation2Name":"","frames":[[]],"name":"","position":1,"timings":[]},
{"id":103,"animation1Hue":0,"animation1Name":"","animation2Hue":0,"animation2Name":"","frames":[[]],"name":"","position":1,"timings":[]},
{"id":104,"animation1Hue":0,"animation1Name":"","animation2Hue":0,"animation2Name":"","frames":[[]],"name":"","position":1,"timings":[]},
{"id":105,"animation1Hue":0,"animation1Name":"","animation2Hue":0,"animation2Name":"","frames":[[]],"name":"","position":1,"timings":[]},
{"id":106,"animation1Hue":0,"animation1Name":"","animation2Hue":0,"animation2Name":"","frames":[[]],"name":"","position":1,"timings":[]},
{"id":107,"animation1Hue":0,"animation1Name":"","animation2Hue":0,"animation2Name":"","frames":[[]],"name":"","position":1,"timings":[]},
{"id":108,"animation1Hue":0,"animation1Name":"","animation2Hue":0,"animation2Name":"","frames":[[]],"name":"","position":1,"timings":[]},
{"id":109,"animation1Hue":0,"animation1Name":"","animation2Hue":0,"animation2Name":"","frames":[[]],"name":"","position":1,"timings":[]},
{"id":110,"animation1Hue":0,"animation1Name":"","animation2Hue":0,"animation2Name":"","frames":[[]],"name":"","position":1,"timings":[]},
{"id":111,"animation1Hue":0,"animation1Name":"","animation2Hue":0,"animation2Name":"","frames":[[]],"name":"","position":1,"timings":[]},
{"id":112,"animation1Hue":0,"animation1Name":"","animation2Hue":0,"animation2Name":"","frames":[[]],"name":"","position":1,"timings":[]},
{"id":113,"animation1Hue":0,"animation1Name":"","animation2Hue":0,"animation2Name":"","frames":[[]],"name":"","position":1,"timings":[]},
{"id":114,"animation1Hue":0,"animation1Name":"","animation2Hue":0,"animation2Name":"","frames":[[]],"name":"","position":1,"timings":[]},
{"id":115,"animation1Hue":0,"animation1Name":"","animation2Hue":0,"animation2Name":"","frames":[[]],"name":"","position":1,"timings":[]},
{"id":116,"animation1Hue":0,"animation1Name":"","animation2Hue":0,"animation2Name":"","frames":[[]],"name":"","position":1,"timings":[]},
{"id":117,"animation1Hue":0,"animation1Name":"","animation2Hue":0,"animation2Name":"","frames":[[]],"name":"","position":1,"timings":[]},
{"id":118,"animation1Hue":0,"animation1Name":"","animation2Hue":0,"animation2Name":"","frames":[[]],"name":"","position":1,"timings":[]},
{"id":119,"animation1Hue":0,"animation1Name":"","animation2Hue":0,"animation2Name":"","frames":[[]],"name":"","position":1,"timings":[]},
{"id":120,"animation1Hue":0,"animation1Name":"","animation2Hue":0,"animation2Name":"","frames":[[]],"name":"","position":1,"timings":[]}
]